hit num,title,year,authors,key,ee,venue_category
32,A new meta-module for efficient reconfiguration of hinged-units modular robots.,2016,Irene Parada & Vera Sacristán & Rodrigo I. Silveira,conf/icra/ParadaSS16,https://doi.org/10.1109/ICRA.2016.7487726,Robotics
54,Object Reconfiguration with Simulation-Derived Feasible Actions.,2023,Yiyuan Lee & Wil Thomason & Zachary K. Kingston & Lydia E. Kavraki,conf/icra/LeeTKK23,https://doi.org/10.1109/ICRA48891.2023.10160377,Robotics
71,Distributed plan reconfiguration via knowledge transfer in multi-agent systems under local LTL specifications.,2014,Meng Guo 0002 & Dimos V. Dimarogonas,conf/icra/GuoD14,https://doi.org/10.1109/ICRA.2014.6907485,Robotics
74,Fast stochastic motion planning with optimality guarantees using local policy reconfiguration.,2014,Ryan Luna & Morteza Lahijanian & Mark Moll & Lydia E. Kavraki,conf/icra/LunaLMK14,https://doi.org/10.1109/ICRA.2014.6907293,Robotics
79,Magnetically-Connected Modular Reconfigurable Mini-robotic System with Bilateral Isokinematic Mapping and Fast On-site Assembly towards Minimally Invasive Procedures.,2021,Xiao Xiao & Shilei Xu & Changsheng Li & Xiaoyi Gu & Huxin Gao & Max Q.-H. Meng & Hongliang Ren 0001,conf/icra/XiaoXLGGM021,https://doi.org/10.1109/ICRA48506.2021.9561141,Robotics
86,Global/local motion planning based on Dynamic Trajectory Reconfiguration and Dynamical Systems for Autonomous Surgical Robots.,2020,Narcís Sayols & Alessio Sozzi & Nicola Piccinelli & Albert Hernansanz & Alicia Casals & Marcello Bonfè & Riccardo Muradore,conf/icra/SayolsSPHCBM20,https://doi.org/10.1109/ICRA40945.2020.9197525,Robotics
120,Distributed computation of forces in modular-robotic ensembles as part of reconfiguration planning.,2017,Pawel Holobut & Jakub Lengiewicz,conf/icra/HolobutL17,https://doi.org/10.1109/ICRA.2017.7989242,Robotics
132,Coordinated Control of a Reconfigurable Multi-Vessel Platform: Robust Control Approach.,2019,Shinkyu Park & Erkan Kayacan & Carlo Ratti & Daniela Rus,conf/icra/ParkKRR19,https://doi.org/10.1109/ICRA.2019.8794075,Robotics
133,Fault tolerance analysis of a hexarotor with reconfigurable tilted rotors.,2020,Claudio D. Pose & Juan I. Giribet & Ignacio Mas,conf/icra/PoseGM20,https://doi.org/10.1109/ICRA40945.2020.9196552,Robotics
142,Multi-fingered robotic hand planner for object reconfiguration through a rolling contact evolution model.,2013,Juan Antonio Corrales Ramon & Véronique Perdereau & Fernando Torres Medina,conf/icra/RamonPM13,https://doi.org/10.1109/ICRA.2013.6630638,Robotics
143,A reconfiguration strategy for Reconfigurable Cable-Driven Parallel Robots.,2015,Lorenzo Gagliardini & Stéphane Caro & Marc Gouttefarde & Alexis Girin,conf/icra/GagliardiniCGG15,https://doi.org/10.1109/ICRA.2015.7139404,Robotics
147,A hybrid plastic-fabric soft bending actuator with reconfigurable bending profiles.,2017,Rainier F. Natividad & Manuel R. Del Rosario & Peter C. Y. Chen & Chen-Hua Yeow,conf/icra/NatividadRCY17,https://doi.org/10.1109/ICRA.2017.7989792,Robotics
157,Reconfiguration Analysis and Motion Planning of a Novel Reconfigurable Mobile Manipulator Torso.,2018,Wan Ding & Tim Detert & Jorge De La Cruz & Burkhard Corves,conf/icra/DingDCC18,https://doi.org/10.1109/ICRA.2018.8460214,Robotics
161,Reconfigurable Motion Planning and Control in Obstacle Cluttered Environments under Timed Temporal Tasks.,2019,Christos K. Verginis & Constantinos Vrohidis & Charalampos P. Bechlioulis & Kostas J. Kyriakopoulos & Dimos V. Dimarogonas,conf/icra/VerginisVBKD19,https://doi.org/10.1109/ICRA.2019.8794000,Robotics
163,Design of manually reconfigurable modular manipulator with three revolute joints and links.,2016,Seonghun Hong 0001 & Dong-Eun Choi & Sungchul Kang & Hyeongcheol Lee & Woosub Lee,conf/icra/HongCKLL16,https://doi.org/10.1109/ICRA.2016.7487728,Robotics
166,Quasi-static evaluation of a modular and Reconfigurable Manufacturing Cell.,2013,Aditya N. Das & Stephen Savoie,conf/icra/DasS13,https://doi.org/10.1109/ICRA.2013.6630585,Robotics
169,Learning to Control Reconfigurable Staged Soft Arms.,2020,Austin Nicolai & Gina Olson & Yigit Mengüç & Geoffrey A. Hollinger,conf/icra/NicolaiOMH20,https://doi.org/10.1109/ICRA40945.2020.9197516,Robotics
173,Full-resolution reconfiguration planning for heterogeneous cube-shaped modular robots with only sliding motion primitive.,2016,Hiroshi Kawano,conf/icra/Kawano16,https://doi.org/10.1109/ICRA.2016.7487730,Robotics
184,A Multi-VTOL Modular Aspect Ratio Reconfigurable Aerial Robot.,2022,Stephen J. Carlson & Prateek Arora & Christos Papachristos,conf/icra/CarlsonAP22,https://doi.org/10.1109/ICRA46639.2022.9811542,Robotics
193,On the analysis of large-dimension reconfigurable suspended cable-driven parallel robots.,2014,Dinh Quan Nguyen & Marc Gouttefarde & Olivier Company & François Pierrot,conf/icra/NguyenGCP14,https://doi.org/10.1109/ICRA.2014.6907701,Robotics
255,Reconfigurable Magnetic Microswarm for Thrombolysis under Ultrasound Imaging.,2020,Qianqian Wang & Ben Wang & Jiangfan Yu & Kathrin Schweizer & Bradley J. Nelson & Li Zhang 0010,conf/icra/WangWYSNZ20,https://doi.org/10.1109/ICRA40945.2020.9197432,Robotics
265,M3Express: A low-cost independently-mobile reconfigurable modular robot.,2012,Kevin C. Wolfe & Matthew Moses & Michael Dennis Mays Kutzer & Gregory S. Chirikjian,conf/icra/WolfeMKC12,https://doi.org/10.1109/ICRA.2012.6224971,Robotics
290,Design optimization of a bone-attached; redundant and reconfigurable parallel kinematic device for skull surgery.,2014,Jan-Philipp Kobler & Jens Kotlarski & G. Jakob Lexow & Omid Majdani & Tobias Ortmaier,conf/icra/KoblerKLMO14,https://doi.org/10.1109/ICRA.2014.6907187,Robotics
316,WheeLeR: Wheel-Leg Reconfigurable Mechanism with Passive Gears for Mobile Robot Applications.,2019,Chuanqi Zheng & Kiju Lee,conf/icra/ZhengL19a,https://doi.org/10.1109/ICRA.2019.8793686,Robotics
340,Resilience in multi-robot target tracking through reconfiguration.,2020,Ragesh K. Ramachandran & Nicole Fronda & Gaurav S. Sukhatme,conf/icra/RamachandranFS20,https://doi.org/10.1109/ICRA40945.2020.9196961,Robotics
350,Reinforcement Learning Control of a Reconfigurable Planar Cable Driven Parallel Manipulator.,2023,Adhiti Raman & Amey A. Salvi & Matthias J. Schmid & Venkat Krovi,conf/icra/RamanSSK23,https://doi.org/10.1109/ICRA48891.2023.10160498,Robotics
398,Minimum-Effort Task-based Design Optimization of Modular Reconfigurable Robots.,2021,Edoardo Romiti & Navvab Kashiri & Jörn Malzahn & Nikos G. Tsagarakis,conf/icra/RomitiKMT21,https://doi.org/10.1109/ICRA48506.2021.9561273,Robotics
401,Reconfigurable Network for Efficient Inferencing in Autonomous Vehicles.,2019,Shihong Fang & Anna Choromanska,conf/icra/FangC19,https://doi.org/10.1109/ICRA.2019.8794064,Robotics
412,Dynamic Reconfiguration of Mission Parameters in Underwater Human-Robot Collaboration.,2018,Md Jahidul Islam & Marc Ho & Junaed Sattar,conf/icra/IslamHS18,https://doi.org/10.1109/ICRA.2018.8461197,Robotics
424,Environment Reconfiguration Planning for Autonomous Robotic Manipulation to overcome Mobility Constraints.,2021,Prateek Arora & Christos Papachristos,conf/icra/AroraP21,https://doi.org/10.1109/ICRA48506.2021.9560799,Robotics
426,A Novel Reconfigurable Revolute Joint with Adjustable Stiffness.,2019,Zhongyi Li & Weihai Chen & Shaoping Bai,conf/icra/LiCB19,https://doi.org/10.1109/ICRA.2019.8793906,Robotics
427,First demonstration of a modular and reconfigurable magnetic-manipulation system.,2015,Andrew J. Petruska & Joseph B. Brink & Jake J. Abbott,conf/icra/PetruskaBA15,https://doi.org/10.1109/ICRA.2015.7138993,Robotics
431,The Reconfigurable Aerial Robotic Chain: Modeling and Control.,2020,Huan Nguyen 0003 & Tung Dang & Kostas Alexis,conf/icra/0003DA20,https://doi.org/10.1109/ICRA40945.2020.9197184,Robotics
445,Dynamic Reconfiguration Manipulability analyses of humanoid bipedal walking.,2013,Yosuke Kobayashi & Mamoru Minami & Akira Yanou & Tomohide Maeba,conf/icra/KobayashiMYM13,https://doi.org/10.1109/ICRA.2013.6631258,Robotics
471,Coaxial Modular Aerial System and the Reconfiguration Applications.,2023,José Baca & Syed Izzat Ullah & Pablo Rangel,conf/icra/BacaUR23,https://doi.org/10.1109/ICRA48891.2023.10161064,Robotics
472,Recognition and Reconfiguration of Lattice-Based Cellular Structures by Simple Robots.,2020,Eike Niehs & Arne Schmidt 0001 & Christian Scheffer & Daniel E. Biediger & Michael Yannuzzi & Benjamin Jenett & Amira Abdel-Rahman & Kenneth C. Cheung & Aaron T. Becker & Sándor P. Fekete,conf/icra/Niehs0SBYJACBF20,https://doi.org/10.1109/ICRA40945.2020.9196700,Robotics
513,Agile Legged-Wheeled Reconfigurable Navigation Planner Applied on the CENTAURO Robot.,2020,Vignesh Sushrutha Raghavan & Dimitrios Kanoulas & Darwin G. Caldwell & Nikos G. Tsagarakis,conf/icra/RaghavanKCT20,https://doi.org/10.1109/ICRA40945.2020.9197407,Robotics
515,Panthera: Design of a Reconfigurable Pavement Sweeping Robot.,2019,Abdullah Aamir Hayat & Rizuwana Parween & Mohan Rajesh Elara & K. Parsuraman & Prathap S. Kandasamy,conf/icra/HayatPEPK19,https://doi.org/10.1109/ICRA.2019.8794268,Robotics
518,Dynamically Reconfigurable Discrete Distributed Stiffness for Inflated Beam Robots.,2020,Brian H. Do & Valory Banashek & Allison M. Okamura,conf/icra/DoBO20,https://doi.org/10.1109/ICRA40945.2020.9197237,Robotics
546,MOCA-MAN: A MObile and reconfigurable Collaborative Robot Assistant for conjoined huMAN-robot actions.,2020,Wansoo Kim & Pietro Balatti & Edoardo Lamon & Arash Ajoudani,conf/icra/KimBLA20,https://doi.org/10.1109/ICRA40945.2020.9197115,Robotics
587,An underwater reconfigurable robot with bioinspired electric sense.,2012,Stefano Mintchev & Cesare Stefanini & Alexis Girin & Stefano Marrazza & Stefano Orofino & Vincent Lebastard & Luigi Manfredi & Paolo Dario & Frédéric Boyer,conf/icra/MintchevSGMOLMDB12,https://doi.org/10.1109/ICRA.2012.6224956,Robotics
626,ARCSnake: An Archimedes' Screw-Propelled; Reconfigurable Serpentine Robot for Complex Environments.,2020,Dimitri A. Schreiber & Florian Richter 0002 & Andrew Bilan & Peter V. Gavrilov & Hoi Man Lam & Casey H. Price & Kalind C. Carpenter & Michael C. Yip,conf/icra/SchreiberRBGLPC20,https://doi.org/10.1109/ICRA40945.2020.9196968,Robotics
632,Evaluation of the reconfiguration effects of planetary rovers on their lateral traversing of sandy slopes.,2012,Hiroaki Inotsume & Masataku Sutoh & Kenji Nagaoka & Keiji Nagatani & Kazuya Yoshida,conf/icra/InotsumeSNNY12,https://doi.org/10.1109/ICRA.2012.6224887,Robotics
645,A Reconfigurable Variable Stiffness Manipulator by a Sliding Layer Mechanism.,2019,Dickson Chun Fung Li & Zerui Wang & Bo Ouyang & Yun-Hui Liu,conf/icra/LiWOL19,https://doi.org/10.1109/ICRA.2019.8793571,Robotics
651,Linear Heterogeneous Reconfiguration of Cubic Modular Robots via Simultaneous Tunneling and Permutation.,2019,Hiroshi Kawano,conf/icra/Kawano19,https://doi.org/10.1109/ICRA.2019.8793594,Robotics
652,Reconfiguration planning for pivoting cube modular robots.,2015,Cynthia R. Sung & James M. Bern & John Romanishin & Daniela Rus,conf/icra/SungBRR15,https://doi.org/10.1109/ICRA.2015.7139451,Robotics
655,Reconfigurable Inflated Soft Arms.,2023,Nam Gyun Kim & Jee-Hwan Ryu,conf/icra/KimR23,https://doi.org/10.1109/ICRA48891.2023.10160569,Robotics
679,Parallel Permutation for Linear Full-resolution Reconfiguration of Heterogeneous Sliding-only Cubic Modular Robots.,2020,Hiroshi Kawano,conf/icra/Kawano20,https://doi.org/10.1109/ICRA40945.2020.9197033,Robotics
680,Smooth joint motion planning for high precision reconfigurable robot manipulators.,2017,Stefano Baraldo & Anna Valente,conf/icra/BaraldoV17,https://doi.org/10.1109/ICRA.2017.7989103,Robotics
702,A reconfigurable hybrid actuator with rigid and soft components.,2017,Yaohui Chen & Sing Le & Qiao Chu Tan & Oscar Lau & Fang Wan & Chaoyang Song,conf/icra/ChenLTLWS17,https://doi.org/10.1109/ICRA.2017.7988691,Robotics
737,Safe decentralized and reconfigurable multi-agent control with guaranteed convergence.,2017,Constantinos Vrohidis & Charalampos P. Bechlioulis & Kostas J. Kyriakopoulos,conf/icra/VrohidisBK17,https://doi.org/10.1109/ICRA.2017.7989034,Robotics
744,Path Planning for a Reconfigurable Robot in Extreme Environments.,2021,Wei Cheah & Tomas B. Garcia-Nathan & Keir Groves & Simon Watson 0001 & Barry Lennox,conf/icra/CheahGG0L21,https://doi.org/10.1109/ICRA48506.2021.9561834,Robotics
745,Singularity analysis and reconfiguration mode of the 3-CRS parallel manipulator.,2020,Chedli Bouzgarrou & Adrien Koessler & Nicolas Bouton,conf/icra/BouzgarrouKB20,https://doi.org/10.1109/ICRA40945.2020.9197337,Robotics
760,A Reconfigurable Industry 4.0 Middleware Software Architecture.,2023,Sune Chung Jepsen & Bende Siewertsen & Torben Worm,conf/icsa/JepsenSW23,https://doi.org/10.1109/ICSA-C57050.2023.00023,Software_Architecture
766,Synchronous Reconfiguration of Distributed Embedded Applications During Operation.,2019,Kilian Telschig & Alexander Knapp,conf/icsa/TelschigK19,https://doi.org/10.1109/ICSA.2019.00021,Software_Architecture
778,Safe Dynamic Reconfiguration of Concurrent Component-based Applications.,2022,Salman Farhat & Simon Bliudze & Laurence Duchien,conf/icsa/FarhatBD22,https://doi.org/10.1109/ICSA-C54293.2022.00027,Software_Architecture
822,A Consistency Framework for Dynamic Reconfiguration in AO-Middleware Architectures.,2014,Bholanathsingh Surajbali & Paul Grace & Geoff Coulson,conf/ecsa/SurajbaliGC14,https://doi.org/10.1007/978-3-319-09970-5_34,Software_Architecture
835,High-Level Language Support for Reconfiguration Control in Component-Based Architectures.,2015,Frederico Alvares & Éric Rutten & Lionel Seinturier,conf/ecsa/AlvaresRS15,https://doi.org/10.1007/978-3-319-23727-5_1,Software_Architecture
837,Retrofitting Controlled Dynamic Reconfiguration into the Architecture Description Language MontiArcAutomaton.,2016,Robert Heim & Oliver Kautz & Jan Oliver Ringert & Bernhard Rumpe & Andreas Wortmann 0001,conf/ecsa/HeimKRRW16,https://doi.org/10.1007/978-3-319-48992-6_13,Software_Architecture
840,Assisting the evolutionary development of SoS with reconfiguration patterns.,2016,Franck Petitdemange & Isabelle Borne & Jérémy Buisson,conf/ecsa/PetitdemangeBB16,http://dl.acm.org/citation.cfm?id=3004845,Software_Architecture
867,Modeling and Execution of Coordinated Missions in Reconfigurable Robot Ensembles.,2020,Martin Schörner & Constantin Wanninger & Alwin Hoffmann & Oliver Kosak & Hella Ponsar & Wolfgang Reif,conf/irc/SchornerWHKPR20,https://doi.org/10.1109/IRC.2020.00053,Robotics
872,Runtime reconfiguration of robot control systems: a ROS-based case study.,2020,Davide Brugali,conf/irc/Brugali20,https://doi.org/10.1109/IRC.2020.00047,Robotics
885,Model-Based Development of QoS-Aware Reconfigurable Autonomous Robotic Systems.,2018,Davide Brugali & Rafael Capilla & Raffaela Mirandola & Catia Trubiani,conf/irc/BrugaliCMT18,https://doi.org/10.1109/IRC.2018.00027,Robotics
886,Robust reconfiguration of cloud applications.,2014,Francisco Durán 0001 & Gwen Salaün,conf/cbse/DuranS14,https://doi.org/10.1145/2602458.2602479,Software_Architecture
887,A Reconfigurable Component Model for HPC.,2015,Vincent Lanore & Christian Pérez,conf/cbse/LanoreP15,https://doi.org/10.1145/2737166.2737169,Software_Architecture
888,Coqcots & pycots: non-stopping components for safe dynamic reconfiguration.,2014,Jérémy Buisson & Everton Cavalcante & Fabien Dagnat & Elena Leroux & Sébastien Martinez,conf/cbse/BuissonCDLM14,https://doi.org/10.1145/2602458.2602459,Software_Architecture
890,An architectural approach to ensure globally consistent dynamic reconfiguration of component-based systems.,2012,Mohammad Ghafari & Pooyan Jamshidi & Saeed Shahbazi & Hassan Haghighi,conf/cbse/GhafariJSH12,https://doi.org/10.1145/2304736.2304765,Software_Architecture
891,Executing reconfigurations in hierarchical component architectures.,2013,Christian Heinzemann & Steffen Becker 0001,conf/cbse/HeinzemannB13,https://doi.org/10.1145/2465449.2465452,Software_Architecture
893,KevoreeJS: Enabling Dynamic Software Reconfigurations in the Browser.,2016,Maxime Tricoire & Olivier Barais & Manuel Leduc & François Fouquet & Gerson Sunyé & Brice Morin & Johann Bourcier & Grégory Nain & Ludovic Mouline,conf/cbse/TricoireBLFSMBN16,https://doi.org/10.1109/CBSE.2016.20,Software_Architecture
894,Towards Safe Execution of Reconfigurations in Cyber-Physical Systems.,2016,David Schubert & Christian Heinzemann & Christopher Gerking,conf/cbse/SchubertHG16,https://doi.org/10.1109/CBSE.2016.10,Software_Architecture
895,Towards modeling reconfiguration in hierarchical component architectures.,2012,Christian Heinzemann & Claudia Priesterjahn & Steffen Becker 0001,conf/cbse/HeinzemannPB12,https://doi.org/10.1145/2304736.2304742,Software_Architecture
896,Using a model to generate reconfiguration plans at runtime.,2014,Marco Eugênio Madeira Di Beneditto & Cláudia Maria Lima Werner,conf/cbse/BenedittoW14,https://doi.org/10.1145/2602458.2602466,Software_Architecture
897,AO-OpenCom: an AO-middleware architecture supporting flexible dynamic reconfiguration.,2014,Bholanathsingh Surajbali & Paul Grace & Geoff Coulson,conf/cbse/SurajbaliGC14,https://doi.org/10.1145/2602458.2602472,Software_Architecture
929,Supporting ARINC 653-based Dynamic Reconfiguration.,2012,Víctor López-Jaquero & Francisco Montero Simarro & Elena Navarro 0001 & Antonio Esparcia & José Antonio Catalán,conf/wicsa/Lopez-JaqueroMNEC12,https://doi.org/10.1109/WICSA-ECSA.212.9,Software_Architecture
944,Carpie: A soft; mechanically-reconfigurable worm robot.,2019,Pouya Ahmadian & Rainier F. Natividad & Chen-Hua Yeow,conf/iros/AhmadianNY19,https://doi.org/10.1109/IROS40897.2019.8968305,Robotics
979,On Robotic Manipulation of Flexible Flat Cables: Employing a Multi-Modal Gripper with Dexterous Tips; Active Nails; and a Reconfigurable Suction Cup Module.,2022,Joao Buzzatto & Jayden Chapman & Mojtaba Shahmohammadi & Felipe Sanches & Mahla Nejati & Saori Matsunaga & Rintaro Haraguchi & Toshisada Mariyama & Bruce A. MacDonald & Minas V. Liarokapis,conf/iros/BuzzattoCSSNMHM22,https://doi.org/10.1109/IROS47612.2022.9981313,Robotics
990,Interactive null space control for intuitively interpretable reconfiguration of redundant manipulators.,2017,Nico Mansfeld & Fabian Beck 0002 & Alexander Dietrich & Sami Haddadin,conf/iros/Mansfeld0DH17,https://doi.org/10.1109/IROS.2017.8206432,Robotics
1019,Reconfiguring Metamorphic Robots via SMT: Is It a Viable Way?,2021,Jan Mrázek & Martin Jonás & Jiri Barnat,conf/iros/MrazekJB21,https://doi.org/10.1109/IROS51168.2021.9636534,Robotics
1044,Cooperative transportation of a payload using quadrotors: A reconfigurable cable-driven parallel robot.,2016,Carlo Masone & Heinrich H. Bülthoff & Paolo Stegagno,conf/iros/MasoneBS16,https://doi.org/10.1109/IROS.2016.7759262,Robotics
1047,HexaMorph: A reconfigurable and foldable hexapod robot inspired by origami.,2014,Wei Gao & Ke Huo & Jasjeet Singh Seehra & Karthik Ramani & Raymond J. Cipra,conf/iros/GaoHSRC14,https://doi.org/10.1109/IROS.2014.6943214,Robotics
1070,Reconfigurable intelligent space; R+iSpace; and mobile module; MoMo.,2012,JongSeung Park & Joo-Ho Lee 0001,conf/iros/ParkL12,https://doi.org/10.1109/IROS.2012.6386282,Robotics
1072,Motion planning for continuum reconfigurable incisionless surgical parallel robots.,2017,Alan Kuntz & Arthur W. Mahoney & Nicolas E. Peckman & Patrick L. Anderson & Fabien Maldonado & Robert J. Webster III & Ron Alterovitz,conf/iros/KuntzMPAMWA17,https://doi.org/10.1109/IROS.2017.8206553,Robotics
1084,Htetran - A Polyabolo Inspired Self Reconfigurable Tiling Robot.,2019,Veerajagadheswar Prabakaran & Vinu Sivanantham & Manojkumar Devarassu & Mohan Rajesh Elara,conf/iros/PrabakaranSDE19,https://doi.org/10.1109/IROS40897.2019.8967832,Robotics
1106,Rotor Array Synergies for Aerial Modular Reconfigurable Robots.,2022,Benjamin Moshirian & Pauline E. I. Pounds,conf/iros/MoshirianP22,https://doi.org/10.1109/IROS47612.2022.9982034,Robotics
1131,The ARoA Platform: An Autonomous Robotic Assistant with a Reconfigurable Torso System and Dexterous Manipulation Capabilities.,2021,Gal Gorjup & Che-Ming Chang & Geng Gao & Lucas Gerez & Anany Dwivedi & Ruobing Yu & Patrick Jarvis & Minas V. Liarokapis,conf/iros/GorjupCGGDYJL21,https://doi.org/10.1109/IROS51168.2021.9636604,Robotics
1147,Snapbot V2: a Reconfigurable Legged Robot with a Camera for Self Configuration Recognition.,2020,Kevin G. Gim & Joohyung Kim,conf/iros/GimK20,https://doi.org/10.1109/IROS45743.2020.9341279,Robotics
1148,ReBiS - Reconfigurable Bipedal Snake robot.,2014,Rohan Thakker & Ajinkya Kamat & Sachin Bharambe & Shital S. Chiddarwar & K. M. Bhurchandi,conf/iros/ThakkerKBCB14,https://doi.org/10.1109/IROS.2014.6942577,Robotics
1150,Study of reconfigurable suspended cable-driven parallel robots for airplane maintenance.,2014,Dinh Quan Nguyen & Marc Gouttefarde,conf/iros/NguyenG14,https://doi.org/10.1109/IROS.2014.6942781,Robotics
1159,Autonomous model-based assessment of mechanical failures of reconfigurable modular robots with a Conjugate Gradient solver.,2020,Pawel Holobut & Stéphane P. A. Bordas & Jakub Lengiewicz,conf/iros/HolobutBL20,https://doi.org/10.1109/IROS45743.2020.9341232,Robotics
1218,Monitoring of robot path tracking: Reconfiguration strategy design and experimental validation.,2013,Samir Benmoussa & Rui Loureiro & Youcef Touati 0002 & Rochdi Merzouki,conf/iros/BenmoussaLTM13,https://doi.org/10.1109/IROS.2013.6697199,Robotics
1234,Connected Reconfiguration of Polyominoes Amid Obstacles using RRT.,2022,Javier Garcia & Michael Yannuzzi & Peter Kramer 0001 & Christian Rieck & Aaron T. Becker,conf/iros/GarciaYKRB22,https://doi.org/10.1109/IROS47612.2022.9981184,Robotics
1236,Collision-Free Reconfiguration Planning for Variable Topology Trusses Using a Linking Invariant.,2023,Alexander Spinos & Mark Yim,conf/iros/SpinosY23,https://doi.org/10.1109/IROS55552.2023.10341927,Robotics
1256,Online Complete Coverage Path Planning of a Reconfigurable Robot using Glasius Bio-inspired Neural Network and Genetic Algorithm.,2022,S. M. Bhagya P. Samarakoon & M. A. Viraj J. Muthugala & Mohan Rajesh Elara,conf/iros/SamarakoonME22,https://doi.org/10.1109/IROS47612.2022.9981667,Robotics
1281,Role of compliance on the locomotion of a reconfigurable modular snake robot.,2015,Massimo Vespignani & Kamilo Melo & Stéphane Bonardi & Auke Jan Ijspeert,conf/iros/VespignaniMBI15,https://doi.org/10.1109/IROS.2015.7353677,Robotics
1283,Automatic centralized controller design for modular and reconfigurable robot manipulators.,2015,Andrea Giusti & Matthias Althoff,conf/iros/GiustiA15,https://doi.org/10.1109/IROS.2015.7353831,Robotics
1322,Hands-on reconfigurable robotic surgical instrument holder arm.,2016,Piyamate Wisanuvej & Konrad Leibrandt & Jindong Liu & Guang-Zhong Yang,conf/iros/WisanuvejLLY16,https://doi.org/10.1109/IROS.2016.7759385,Robotics
1380,Complete reconfiguration algorithm for sliding cube-shaped modular robots with only sliding motion primitive.,2015,Hiroshi Kawano,conf/iros/Kawano15,https://doi.org/10.1109/IROS.2015.7353832,Robotics
1382,Grasping with Embedded Synergies through a Reconfigurable Electric Actuation Topology.,2021,Éamon Barrett & Zeyu Ren & Nikos G. Tsagarakis,conf/iros/BarrettRT21,https://doi.org/10.1109/IROS51168.2021.9636074,Robotics
1399,Decentralized Pose Control of Modular Reconfigurable Robots Operating in Liquid Environments.,2019,João V. Amorim Marques & Anil Özdemir & Matthew J. Doyle & Daniela Rus & Roderich Groß,conf/iros/MarquesODRG19,https://doi.org/10.1109/IROS40897.2019.8967698,Robotics
1411,Visuospatial skill learning for object reconfiguration tasks.,2013,Seyed Reza Ahmadzadeh & Petar Kormushev & Darwin G. Caldwell,conf/iros/AhmadzadehKC13,https://doi.org/10.1109/IROS.2013.6696425,Robotics
1412,Snapbot: A reconfigurable legged robot.,2017,Joohyung Kim & Alexander Alspach & Katsu Yamane,conf/iros/KimAY17,https://doi.org/10.1109/IROS.2017.8206477,Robotics
1427,Set-point Control for a Ground-based Reconfigurable Robot.,2022,Wei Cheah & Bruno Vilhena Adorno & Simon Watson 0001 & Barry Lennox,conf/iros/CheahA0L22,https://doi.org/10.1109/IROS47612.2022.9981358,Robotics
1457,Planning high-visibility stable paths for reconfigurable robots on uneven terrain.,2012,Mohammad Norouzi 0001 & Jaime Valls Miró & Gamini Dissanayake,conf/iros/NorouziMD12,https://doi.org/10.1109/IROS.2012.6385821,Robotics
1462,A Reconfigurable Interface for Ergonomic and Dynamic Tele-Locomanipulation.,2021,Soheil Gholami & Francesco Tassi & Elena De Momi & Arash Ajoudani,conf/iros/GholamiTMA21,https://doi.org/10.1109/IROS51168.2021.9636775,Robotics
1463,Online System Identification Algorithm without Persistent Excitation for Robotic Systems: Application to Reconfigurable Autonomous Vessels.,2019,Erkan Kayacan & Shinkyu Park & Carlo Ratti & Daniela Rus,conf/iros/KayacanPRR19,https://doi.org/10.1109/IROS40897.2019.8968461,Robotics
1465,A Multi-Modal Robotic Gripper with a Reconfigurable Base: Improving Dexterous Manipulation without Compromising Grasping Efficiency.,2021,Nathan Elangovan & Lucas Gerez & Geng Gao & Minas V. Liarokapis,conf/iros/ElangovanGGL21,https://doi.org/10.1109/IROS51168.2021.9636392,Robotics
1484,Two-Stage Optimization of a Reconfigurable Asymmetric 6-DOF Haptic Robot for Task-Specific Workspace.,2021,Changqi Zhang & Congzhe Wang & Qing Miao & Mingming Zhang 0001,conf/iros/ZhangWMZ21,https://doi.org/10.1109/IROS51168.2021.9636251,Robotics
1493,Reconfigurable parallel continuum robots for incisionless surgery.,2016,Arthur W. Mahoney & Patrick L. Anderson & Philip J. Swaney & Fabien Maldonado & Robert J. Webster III,conf/iros/MahoneyASMW16,https://doi.org/10.1109/IROS.2016.7759637,Robotics
1511,Reconfigurable Soft Flexure Hinges via Pinched Tubes.,2020,Yuhao Jiang & Mohammad Sharifzadeh & Daniel M. Aukes,conf/iros/JiangSA20,https://doi.org/10.1109/IROS45743.2020.9341109,Robotics
1552,ModLock: A manual connector for reconfigurable modular robots.,2012,Jay Davey & Jimmy Sastra & Matt Piccoli & Mark Yim,conf/iros/DaveySPY12,https://doi.org/10.1109/IROS.2012.6386190,Robotics
1557,Balloon Animal Robots: Reconfigurable Isoperimetric Inflated Soft Robots.,2021,Anthony D. Stuart & Zachary M. Hammond & Sean Follmer,conf/iros/StuartHF21,https://doi.org/10.1109/IROS51168.2021.9635842,Robotics
1558,In-Hand Cube Reconfiguration: Simplified.,2023,Sumit Patidar & Adrian Sieler & Oliver Brock,conf/iros/PatidarSB23,https://doi.org/10.1109/IROS55552.2023.10341521,Robotics
1564,Slope traversability analysis of reconfigurable planetary rovers.,2012,Hiroaki Inotsume & Masataku Sutoh & Kenji Nagaoka & Keiji Nagatani & Kazuya Yoshida,conf/iros/InotsumeSNNY12,https://doi.org/10.1109/IROS.2012.6386044,Robotics
1599,Resilience by Reconfiguration: Exploiting Heterogeneity in Robot Teams.,2019,Ragesh K. Ramachandran & James A. Preiss & Gaurav S. Sukhatme,conf/iros/RamachandranPS19,https://doi.org/10.1109/IROS40897.2019.8968611,Robotics
1604,Design and testing of FERVOR: FlexiblE and reconfigurable voxel-based robot.,2017,Nick Cramer & Maryam Tebyani & Katelyn Stone & Daniel Cellucci & Kenneth C. Cheung & Sean Shan-Min Swei & Mircea Teodorescu,conf/iros/CramerTSCCST17,https://doi.org/10.1109/IROS.2017.8206100,Robotics
1634,Distributed Reconfigurable Formation Generator for Mini Aerial Vehicles.,2018,Lara Brifion-Arranz & Matthieu Muschinowski & Jonathan Dumon & Nicolas Marchand,conf/iros/Brifion-ArranzM18,https://doi.org/10.1109/IROS.2018.8593511,Robotics
1640,Learning-based Nonlinear Model Predictive Control of Reconfigurable Autonomous Robotic Boats: Roboats.,2019,Erkan Kayacan & Shinkyu Park & Carlo Ratti & Daniela Rus,conf/iros/KayacanPRR19a,https://doi.org/10.1109/IROS40897.2019.8967525,Robotics
1655,Reconfiguration Motion Planning for Variable Topology Truss.,2019,Chao Liu 0021 & Mark Yim,conf/iros/0021Y19,https://doi.org/10.1109/IROS40897.2019.8967640,Robotics
1663,Towards Full Actuation: Reconfigurable Micro Underwater Robots.,2023,Nathalie Bauschmann & Daniel-André Duecker & Thies L. Alff & Rene C. Hochdahl & Robert Seifried,conf/iros/BauschmannDAHS23,https://doi.org/10.1109/IROS55552.2023.10341621,Robotics
1679,Reconfigurable Robot Control Using Flexible Coupling Mechanisms.,2023,Sha Yi & Katia P. Sycara & Fatma Zeynep Temel,conf/rss/YiST23,https://doi.org/10.15607/RSS.2023.XIX.095,Robotics
1681,The RUTH Gripper: Systematic Object-Invariant Prehensile In-Hand Manipulation via Reconfigurable Underactuation.,2020,Qiujie Lu & Nicholas Baron & Angus B. Clark & Nicolas Rojas 0002,conf/rss/LuBCR20,https://doi.org/10.15607/RSS.2020.XVI.093,Robotics
1756,Cooperative Continuum Robots: Enhancing Individual Continuum Arms by Reconfiguring Into a Parallel Manipulator.,2022,Matteo Russo & Natthapol Sriratanasak & Weiming Ba & Xin Dong 0011 & Abdelkhalick Mohammad & Dragos Axinte,journals/ral/RussoSBDMA22,https://doi.org/10.1109/LRA.2021.3139371,Robotics
1778,Multi-Mode Motion Control of Reconfigurable Vortex-Shaped Microrobot Swarms for Targeted Tumor Therapy.,2022,Luyao Wang & Li Song & Hongyan Sun & Yiming Ji & Yuguo Dai & Lin Feng 0002,journals/ral/WangSSJDF22,https://doi.org/10.1109/LRA.2022.3146522,Robotics
1786,Simulation Data Driven Design Optimization for Reconfigurable Soft Gripper System.,2022,Jun Liu & Jin Huat Low & Qian Qian Han & Marisa Lim & Dingjie Lu & Chen-Hua Yeow & Zhuangjian Liu,journals/ral/LiuLHLLYL22,https://doi.org/10.1109/LRA.2022.3155825,Robotics
1797,GTac-Gripper: A Reconfigurable Under-Actuated Four-Fingered Robotic Gripper With Tactile Sensing.,2022,Zeyu Lu & Haotian Guo & Wensi Zhang & Haoyong Yu,journals/ral/LuGZY22,https://doi.org/10.1109/LRA.2022.3181370,Robotics
1809,Automatically Deployable Robust Control of Modular Reconfigurable Robot Manipulators.,2022,Carlo Nainer & Andrea Giusti,journals/ral/NainerG22,https://doi.org/10.1109/LRA.2022.3155826,Robotics
1812,Optimal Task-Space Tracking With Minimum Manipulator Reconfiguration.,2022,Tong Yang 0006 & Jaime Valls Miró & Yue Wang 0020 & Rong Xiong,journals/ral/YangMWX22,https://doi.org/10.1109/LRA.2022.3153725,Robotics
1815,Rising STAR: A Highly Reconfigurable Sprawl Tuned Robot.,2018,David Zarrouk & Liran Yehezkel,journals/ral/ZarroukY18,https://doi.org/10.1109/LRA.2018.2805165,Robotics
1875,Battery Cell Reconfiguration to Expedite Charge Equalization in Series-Connected Battery Systems.,2018,Weiji Han & Liang Zhang 0025,journals/ral/HanZ18,https://doi.org/10.1109/LRA.2017.2728204,Robotics
1902,ReC-Gripper: A Reconfigurable Combined Suction and Fingered Gripper for Various Logistics Picking and Stowing Tasks.,2024,Seunghwan Um & Heeyeon Jeong & Chun Soo Kim & Issac Rhee & Hyouk Ryeol Choi,journals/ral/UmJKRC24,https://doi.org/10.1109/LRA.2023.3330051,Robotics
1941,RTSRAs: A Series-Parallel-Reconfigurable Tendon-Driven Supernumerary Robotic Arms.,2022,Qinghua Zhang & Changle Li & Hongwei Jing & Hongwu Li & Xianglong Li & Haotian Ju & Yuan Tang & Jie Zhao 0003 & Yanhe Zhu,journals/ral/ZhangLJLLJTZZ22,https://doi.org/10.1109/LRA.2022.3183251,Robotics
1944,S-Sacrr: A Staircase and Slope Accessing Reconfigurable Cleaning Robot and its Validation.,2022,Veerajagadheswar Prabakaran & Yuyao Shi & Prathap S. Kandasamy & Mohan Rajesh Elara & Abdullah Aamir Hayat,journals/ral/PrabakaranSKEH22,https://doi.org/10.1109/LRA.2022.3151572,Robotics
1970,Flexoskeleton Fingers: 3D Printed Reconfigurable Ridges Enabling Multi-Functional and Low-Cost Underactuated Grasping.,2021,Qifan Yu & Mingsong Jiang & Nick Gravish,journals/ral/YuJG21,https://doi.org/10.1109/LRA.2021.3067181,Robotics
1972,Quadrolltor: A Reconfigurable Quadrotor With Controlled Rolling and Turning.,2023,Huaiyuan Jia & Runze Ding & Kaixu Dong & Songnan Bai & Pakpong Chirarattananon,journals/ral/JiaDDBC23,https://doi.org/10.1109/LRA.2023.3279624,Robotics
1975,Linear-Time Reconfiguration of Sliding-Only Cubic Modular Robots Under Severe Space Requirements.,2023,Hiroshi Kawano,journals/ral/Kawano23,https://doi.org/10.1109/LRA.2023.3315208,Robotics
1992,Grasp Planning With a Soft Reconfigurable Gripper Exploiting Embedded and Environmental Constraints.,2021,Enrico Turco & Valerio Bo & Maria Pozzi & Alessandro Rizzo & Domenico Prattichizzo,journals/ral/TurcoBPRP21,https://doi.org/10.1109/LRA.2021.3072855,Robotics
1996,Design of a Reconfigurable Parallel Continuum Robot With Tendon-Actuated Kinematic Chains.,2021,Georg Böttcher & Sven Lilge & Jessica Burgner-Kahrs,journals/ral/BottcherLB21,https://doi.org/10.1109/LRA.2021.3057557,Robotics
2010,Reconfigurable Drone System for Transportation of Parcels With Variable Mass and Size.,2022,Fabrizio Schiano & Przemyslaw Mariusz Kornatowski & Leonardo Cencetti & Dario Floreano,journals/ral/SchianoKCF22,https://doi.org/10.1109/LRA.2022.3208716,Robotics
2013,A Reconfigurable Gripper for Robotic Autonomous Depalletizing in Supermarket Logistics.,2020,Giuseppe Andrea Fontanelli & Gianmarco Paduano & Riccardo Caccavale & Pierluigi Arpenti & Vincenzo Lippiello & Luigi Villani & Bruno Siciliano,journals/ral/FontanelliPCALV20,https://doi.org/10.1109/LRA.2020.3003283,Robotics
2018,Reconfiguration Solution of a Variable Topology Truss: Design and Experiment.,2020,Eugene Park & JangHo Bae & Sumin Park & JongWon Kim 0002 & Mark Yim & TaeWon Seo,journals/ral/ParkBPKYS20,https://doi.org/10.1109/LRA.2020.2970618,Robotics
2030,A Minimally Actuated Reconfigurable Continuous Track Robot.,2020,Tal Kislassi & David Zarrouk,journals/ral/KislassiZ20,https://doi.org/10.1109/LRA.2019.2959237,Robotics
2052,Dynamically Reconfigurable Tactile Sensor for Robotic Manipulation.,2020,Tae Myung Huh & Hojung Choi & Simone Willcox & Stephanie Moon & Mark R. Cutkosky,journals/ral/HuhCWMC20,https://doi.org/10.1109/LRA.2020.2972881,Robotics
2065,ModMan: An Advanced Reconfigurable Manipulator System With Genderless Connector and Automatic Kinematic Modeling Algorithm.,2020,Alchan Yun & Deaho Moon & Junhyoung Ha & Sungchul Kang & Woosub Lee,journals/ral/YunMHKL20,https://doi.org/10.1109/LRA.2020.2994486,Robotics
2069,WhiskSight: A Reconfigurable; Vision-Based; Optical Whisker Sensing Array for Simultaneous Contact; Airflow; and Inertia Stimulus Detection.,2021,Teresa A. Kent & Suhan Kim & Gabriel Kornilowicz & Wenzhen Yuan & Mitra J. Z. Hartmann & Sarah Bergbreiter,journals/ral/KentKKYHB21,https://doi.org/10.1109/LRA.2021.3062816,Robotics
2071,A Reconfigurable Leg for Walking Robots.,2022,Fang Nan & Hendrik Kolvenbach & Marco Hutter 0001,journals/ral/NanKH22,https://doi.org/10.1109/LRA.2021.3139379,Robotics
2079,A Distributed Reconfiguration Planning Algorithm for Modular Robots.,2019,Chao Liu 0021 & Michael Whitzer & Mark Yim,journals/ral/LiuWY19,https://doi.org/10.1109/LRA.2019.2930432,Robotics
2086,Ori-Pixel; a Multi-DoFs Origami Pixel for Modular Reconfigurable Surfaces.,2020,Marco Salerno & Jamie Paik & Stefano Mintchev,journals/ral/SalernoPM20,https://doi.org/10.1109/LRA.2020.3028054,Robotics
2090,A Shared Autonomy Reconfigurable Control Framework for Telemanipulation of Multi-Arm Systems.,2022,Idil Ozdamar & Marco Laghi & Giorgio Grioli & Arash Ajoudani & Manuel G. Catalano & Antonio Bicchi,journals/ral/OzdamarLGACB22,https://doi.org/10.1109/LRA.2022.3191200,Robotics
2097,RSAW; A Highly Reconfigurable Wave Robot: Analysis; Design; and Experiments.,2019,Dan Shachaf & Ori Inbar & David Zarrouk,journals/ral/ShachafIZ19,https://doi.org/10.1109/LRA.2019.2932583,Robotics
2136,Concentric Tube-Inspired Magnetic Reconfiguration of Variable Stiffness Catheters for Needle Guidance.,2023,Michiel Richter & Venkatasubramanian Kalpathy Venkiteswaran & Sarthak Misra,journals/ral/RichterVM23,https://doi.org/10.1109/LRA.2023.3307294,Robotics
2148,Reconfigurable Curved Beams for Selectable Swimming Gaits in an Underwater Robot.,2021,Mohammad Sharifzadeh & Yuhao Jiang & Daniel M. Aukes,journals/ral/SharifzadehJA21,https://doi.org/10.1109/LRA.2021.3063961,Robotics
2150,Reconfigurable; Multi-Material; Voxel-Based Soft Robots.,2023,Julie Legrand & Seppe Terryn & Ellen Roels & Bram Vanderborght,journals/ral/LegrandTRV23,https://doi.org/10.1109/LRA.2023.3236883,Robotics
2156,Design and Motion Planning for a Reconfigurable Robotic Base.,2022,Johannes Pankert & Giorgio Valsecchi & Davide Baret & Jon Zehnder & Lukasz L. Pietrasik & Marko Bjelonic & Marco Hutter 0001,journals/ral/PankertVBZPBH22,https://doi.org/10.1109/LRA.2022.3189166,Robotics
2158,Enhancement of Force Exertion Capability of a Mobile Manipulator by Kinematic Reconfiguration.,2020,Hongjun Xing & Ali Torabi & Liang Ding 0001 & Haibo Gao & Zongquan Deng & Mahdi Tavakoli,journals/ral/XingTDGDT20,https://doi.org/10.1109/LRA.2020.3010218,Robotics
2179,Reconfigurable Shape Morphing With Origami-Inspired Pneumatic Blocks.,2022,Yunha Park & Joohyeon Kang & Youngjin Na,journals/ral/ParkKN22,https://doi.org/10.1109/LRA.2022.3191417,Robotics
2186,3D Electromagnetic Reconfiguration Enabled by Soft Continuum Robots.,2020,Lucia T. Gan & Laura H. Blumenschein & Zhe Huang 0010 & Allison M. Okamura & Elliot W. Hawkes & Jonathan A. Fan,journals/ral/GanBHOHF20,https://doi.org/10.1109/LRA.2020.2969922,Robotics
2192,Formation Reconfiguration Control With Collision Avoidance of Nonholonomic Mobile Robots.,2023,Seongchang Park & Seung-Mok Lee,journals/ral/ParkL23,https://doi.org/10.1109/LRA.2023.3324593,Robotics
2215,A Tip-Extending Soft Robot Enables Reconfigurable and Deployable Antennas.,2018,Laura H. Blumenschein & Lucia T. Gan & Jonathan A. Fan & Allison M. Okamura & Elliot Wright Hawkes,journals/ral/BlumenscheinGFO18,https://doi.org/10.1109/LRA.2018.2793303,Robotics
2239,Rotenna: Harnessing Seamless Integration of Continuum Robot for Dynamic Electromagnetic Reconfiguration.,2023,Feiyang Deng & Shilong Yao & Kwai-Man Luk,journals/ral/DengYL23,https://doi.org/10.1109/LRA.2023.3331287,Robotics
2246,Continuum Reconfigurable Parallel Robots for Surgery: Shape Sensing and State Estimation With Uncertainty.,2017,Patrick L. Anderson & Arthur W. Mahoney & Robert James Webster III,journals/ral/AndersonMW17,https://doi.org/10.1109/LRA.2017.2678606,Robotics
2273,A Soft Robotic Gripper With an Active Palm and Reconfigurable Fingers for Fully Dexterous In-Hand Manipulation.,2021,Amir Pagoli & Frédéric Chapelle & Juan Antonio Corrales & Youcef Mezouar & Yuri Lapusta,journals/ral/PagoliCCML21,https://doi.org/10.1109/LRA.2021.3098803,Robotics
2275,Reconfiguring Non-Convex Holes in Pivoting Modular Cube Robots.,2021,Daniel Feshbach & Cynthia Sung 0001,journals/ral/FeshbachS21,https://doi.org/10.1109/LRA.2021.3095030,Robotics
2277,Multi-Thread CTAEA-Based Workstation Reconfiguration for Multi-Stage Automobile Engine Flow Shop Considering Performance Deterioration.,2022,Miao Yang & Congbo Li & Wei Wu 0041 & You Zhang & Yongsheng Chang,journals/ral/YangLWZC22,https://doi.org/10.1109/LRA.2022.3184446,Robotics
2282,Single-Fingered Reconfigurable Robotic Gripper With a Folding Mechanism for Narrow Working Spaces.,2022,Toshihiro Nishimura & Tsubasa Muryoe & Yoshitatsu Asama & Hiroki Ikeuchi & Ryo Toshima & Tetsuyou Watanabe,journals/ral/NishimuraMAITW22,https://doi.org/10.1109/LRA.2022.3192653,Robotics
2290,An Origami-Inspired Reconfigurable Suction Gripper for Picking Objects With Variable Shape and Size.,2018,Zhenishbek Zhakypov & Florian Heremans & Aude Billard & Jamie Paik,journals/ral/ZhakypovHBP18,https://doi.org/10.1109/LRA.2018.2847403,Robotics
2302,Systematic object-invariant in-hand manipulation via reconfigurable underactuation: Introducing the RUTH gripper.,2021,Qiujie Lu & Nicholas Baron & Angus B. Clark & Nicolas Rojas 0002,journals/ijrr/LuBCR21,https://doi.org/10.1177/02783649211048929,Robotics
2310,Multi-agent plan reconfiguration under local LTL specifications.,2015,Meng Guo 0002 & Dimos V. Dimarogonas,journals/ijrr/GuoD15,https://doi.org/10.1177/0278364914546174,Robotics
2342,A reconfiguration strategy for modular robots using origami folding.,2019,Meibao Yao & Christoph H. Belke & Hutao Cui & Jamie Paik,journals/ijrr/YaoBCP19,https://doi.org/10.1177/0278364918815757,Robotics
2343,Two-dimensional magnetic micro-module reconfigurations based on inter-modular interactions.,2013,Shuhei Miyashita & Eric D. Diller & Metin Sitti,journals/ijrr/MiyashitaDS13,https://doi.org/10.1177/0278364913479837,Robotics
2351,A reconfigurable interactive interface for controlling robotic origami in virtual environments.,2018,Jian-Lin Huang & Zhenishbek Zhakypov & Harshal Arun Sonar & Jamie Paik,journals/ijrr/HuangZSP18,https://doi.org/10.1177/0278364918769157,Robotics
2358,Energy-Efficient Path Planning of Reconfigurable Robots in Complex Environments.,2022,Phone Thiha Kyaw & Anh Vu Le & Veerajagadheswar Prabakaran & Mohan Rajesh Elara & Theint Theint Thu & Khanh Nhan Nguyen Huu & Van Duc Phan & Minh Bui Vu,journals/trob/KyawLPETHPV22,https://doi.org/10.1109/TRO.2022.3147408,Robotics
2365,Analysis of Kinematics and Reconfigurability of a Spherical Parallel Manipulator.,2014,Luca Carbonari & Massimo Callegari & Giacomo Palmieri & Matteo-Claudio Palpacelli,journals/trob/CarbonariCPP14,https://doi.org/10.1109/TRO.2014.2357092,Robotics
2373,Active Exploitation of Redundancies in Reconfigurable Multirobot Systems.,2022,Thomas M. Roehr,journals/trob/Roehr22,https://doi.org/10.1109/TRO.2021.3118284,Robotics
2382,Design and Control of a Midair-Reconfigurable Quadcopter Using Unactuated Hinges.,2023,Nathan Bucki & Jerry Tang & Mark W. Mueller,journals/trob/BuckiTM23,https://doi.org/10.1109/TRO.2022.3193792,Robotics
2384,Morphing Origami Block for Lightweight Reconfigurable System.,2021,Sa-Reum Kim & Dae-Young Lee & Sang-Joon Ahn & Je-Sung Koh & Kyu-Jin Cho,journals/trob/KimLAKC21,https://doi.org/10.1109/TRO.2020.3031248,Robotics
2389,Resilient Monitoring in Heterogeneous Multi-Robot Systems Through Network Reconfiguration.,2022,Ragesh Kumar Ramachandran & Pietro Pierpaoli & Magnus Egerstedt & Gaurav S. Sukhatme,journals/trob/RamachandranPES22,https://doi.org/10.1109/TRO.2021.3128313,Robotics
2415,Variable Stiffness Soft Robotic Fingers Using Snap-Fit Kinematic Reconfiguration.,2023,Jérôme Bastien & Lionel Birglen,journals/trob/BastienB23,https://doi.org/10.1109/TRO.2023.3303850,Robotics
2416,ARCSnake: Reconfigurable Snakelike Robot With Archimedean Screw Propulsion for Multidomain Mobility.,2022,Florian Richter 0002 & Peter V. Gavrilov & Hoi Man Lam & Amir Degani & Michael C. Yip,journals/trob/RichterGLDY22,https://doi.org/10.1109/TRO.2021.3104968,Robotics
2423,Cable Attachment Optimization for Reconfigurable Cable-Driven Parallel Robots Based on Various Workspace Conditions.,2023,Hung Hon Cheng & Darwin Lau,journals/trob/ChengL23,https://doi.org/10.1109/TRO.2023.3288838,Robotics
2425,Distributed Prediction of Unsafe Reconfiguration Scenarios of Modular Robotic Programmable Matter.,2021,Benoît Piranda & Pawel Chodkiewicz & Pawel Holobut & Stéphane P. A. Bordas & Julien Bourgeois & Jakub Lengiewicz,journals/trob/PirandaCHBBL21,https://doi.org/10.1109/TRO.2021.3074085,Robotics
2429,Malleable Robots: Reconfigurable Robotic Arms With Continuum Links of Variable Stiffness.,2022,Angus B. Clark & Nicolás Rojas 0002,journals/trob/ClarkR22,https://doi.org/10.1109/TRO.2022.3185826,Robotics
2446,MIRRAX: A Reconfigurable Robot for Limited Access Environments.,2023,Wei Cheah & Keir Groves & Horatio Martin & Harriet Peel & Simon Watson 0001 & Ognjen Marjanovic & Barry Lennox,journals/trob/CheahGMPWML23,https://doi.org/10.1109/TRO.2022.3207095,Robotics
2463,Distributed Linear Heterogeneous Reconfiguration of Cubic Modular Robots via Simultaneous Tunneling and Permutation.,2020,Hiroshi Kawano,journals/trob/Kawano20,https://doi.org/10.1109/TRO.2019.2943063,Robotics
2470,Motion Planning for Variable Topology Trusses: Reconfiguration and Locomotion.,2023,Chao Liu 0021 & Sencheng Yu & Mark Yim,journals/trob/LiuYY23,https://doi.org/10.1109/TRO.2022.3228400,Robotics
2503,Modular reconfiguration of DNA origami assemblies using tile displacement.,2023,Namita Sarraf & Kellen R. Rodriguez & Lulu Qian,journals/scirobotics/SarrafRQ23,https://doi.org/10.1126/scirobotics.adf1511,Robotics
2510,Reconfigurable magnetic microrobot swarm: Multimode transformation; locomotion; and manipulation.,2019,Hui Xie 0003 & Mengmeng Sun & Xinjian Fan & Zhihua Lin & Weinan Chen & Lei Wang 0113 & Lixin Dong & Qiang He,journals/scirobotics/XieSFLCWDH19,https://doi.org/10.1126/scirobotics.aav8006,Robotics
2546,ENREM: An efficient NFA-based regular expression matching engine on reconfigurable hardware for NIDS.,2013,Trung-Hieu Tran & Tran Ngoc Thinh & Shigenori Tomiyama,journals/jsa/HieuTT13,https://doi.org/10.1016/j.sysarc.2013.03.013,Software_Architecture
2547,Clustering scheduling for hardware tasks in reconfigurable computing systems.,2013,Zhi Chen 0008 & Meikang Qiu & Zhong Ming 0001 & Laurence T. Yang & Yongxin Zhu 0001,journals/jsa/ChenQMYZ13,https://doi.org/10.1016/j.sysarc.2013.05.015,Software_Architecture
2548,Guest editorial: Workshop on Reconfigurable Computing.,2013,Ioannis Sourdis & Christos-Savvas Bouganis & Miquel Pericàs,journals/jsa/SourdisBP13,https://doi.org/10.1016/j.sysarc.2013.01.001,Software_Architecture
2555,Lightweight asynchronous scheduling in heterogeneous reconfigurable systems.,2022,Andrés Rodríguez 0001 & Angeles G. Navarro & Kris Nikov & José L. Núñez-Yáñez & Ruben Gran & Darío Suárez Gracia & Rafael Asenjo,journals/jsa/RodriguezNNNGGA22,https://doi.org/10.1016/j.sysarc.2022.102398,Software_Architecture
2558,Comparative analysis of two different middleware approaches for reconfiguration of distributed real-time systems.,2014,Marisol García-Valls & Pablo Basanta-Val,journals/jsa/Garcia-VallsB14,https://doi.org/10.1016/j.sysarc.2013.08.010,Software_Architecture
2562,Predicting performance in multi-core systems with shared reconfigurable accelerators.,2019,Marcelo Brandalero & Thiago Dadalt Souto & Luigi Carro & Antonio Carlos Schneider Beck,journals/jsa/BrandaleroSCB19,https://doi.org/10.1016/j.sysarc.2019.07.010,Software_Architecture
2567,A dynamically reconfigurable communication architecture for multicore embedded systems.,2012,Salih Bayar & Arda Yurdakul,journals/jsa/BayarY12,https://doi.org/10.1016/j.sysarc.2012.02.003,Software_Architecture
2571,MobileFBP: Designing portable reconfigurable applications for heterogeneous systems.,2014,Shih-Hao Hung & Tien-Tzong Tzeng & Jyun-De Wu & Min-Yu Tsai & Yi-Chih Lu & Jeng-Peng Shieh & Chia-Heng Tu & Wen-Jen Ho,journals/jsa/HungTWTLSTH14,https://doi.org/10.1016/j.sysarc.2013.11.009,Software_Architecture
2579,A template system for the efficient compilation of domain abstractions onto reconfigurable computers.,2013,Muhammad Shafiq 0003 & Miquel Pericàs & Nacho Navarro & Eduard Ayguadé,journals/jsa/ShafiqPNA13,https://doi.org/10.1016/j.sysarc.2012.10.002,Software_Architecture
2580,An efficient data structure for dynamic two-dimensional reconfiguration.,2017,Sándor P. Fekete & Jan-Marc Reinhardt & Christian Scheffer,journals/jsa/FeketeRS17,https://doi.org/10.1016/j.sysarc.2017.02.004,Software_Architecture
2582,Dynamic reconfiguration of embedded-DRAM caches employing zero data detection based refresh optimisation.,2019,Sheel Sindhu Manohar & Hemangee K. Kapoor,journals/jsa/ManoharK19,https://doi.org/10.1016/j.sysarc.2019.101648,Software_Architecture
2583,Ker-ONE: A new hypervisor managing FPGA reconfigurable accelerators.,2019,Tian Xia 0007 & Ye Tian 0025 & Jean-Christophe Prévotet & Fabienne Nouvel,journals/jsa/XiaTPN19,https://doi.org/10.1016/j.sysarc.2019.05.003,Software_Architecture
2586,Two-level caches tuning technique for energy consumption in reconfigurable embedded MPSoC.,2013,A. Bengueddach & B. Senouci & Smaïl Niar & Bouziane Beldjilali,journals/jsa/BengueddachSNB13,https://doi.org/10.1016/j.sysarc.2013.05.018,Software_Architecture
2590,Reconfigurable Network-on-Chip based Convolutional Neural Network Accelerator.,2022,Arash Firuzan & Mehdi Modarressi & Midia Reshadi & Ahmad Khademzadeh,journals/jsa/FiruzanMRK22,https://doi.org/10.1016/j.sysarc.2022.102567,Software_Architecture
2591,Reconfigurable on-chip interconnection networks for high performance embedded SoC design.,2020,Masoud Oveis Gharan & Gul N. Khan,journals/jsa/GharanK20,https://doi.org/10.1016/j.sysarc.2020.101711,Software_Architecture
2593,Virtualization of reconfigurable coprocessors in HPRC systems with multicore architecture.,2012,Iván González 0004 & Sergio López-Buedo & Gustavo Sutter & Diego Sanchez-Roman & Francisco J. Gomez-Arribas & Javier Aracil 0001,journals/jsa/GonzalezLSSGA12,https://doi.org/10.1016/j.sysarc.2012.03.002,Software_Architecture
2595,Multi-grain reconfigurable and scalable overlays for hardware accelerator composition.,2021,Rafael Zamacola & Andrés Otero & Eduardo de la Torre,journals/jsa/ZamacolaOT21,https://doi.org/10.1016/j.sysarc.2021.102302,Software_Architecture
2596,Model checking of reconfigurable FPGA modules specified by Petri nets.,2018,Iwona Grobelna,journals/jsa/Grobelna18,https://doi.org/10.1016/j.sysarc.2018.06.005,Software_Architecture
2601,A framework for post-silicon realization of arbitrary instruction extensions on reconfigurable data-paths.,2014,Saptarsi Das & Kavitha T. Madhu & Madhav Krishna & Nalesh Sivanandan & Farhad Merchant & Santhi Natarajan & Ipsita Biswas & Adithya Pulli & S. K. Nandy 0001 & Ranjani Narayan,journals/jsa/DasMKSMNBPNN14,https://doi.org/10.1016/j.sysarc.2014.06.002,Software_Architecture
2603,Introduction to the special issue on reconfigurable cyber-physical and embedded system design.,2016,Pao-Ann Hsiung & Tei-Wei Kuo & Yuan-Hao Chang 0001 & Chun-Hsian Huang,journals/jsa/HsiungKCH16,https://doi.org/10.1016/j.sysarc.2016.01.003,Software_Architecture
2604,Remotely reconfigurable hardware-software platform with web service interface for automated video surveillance.,2013,Robert Brzoza-Woch & Andrzej Ruta & Krzysztof Zielinski,journals/jsa/Brzoza-WochRZ13,https://doi.org/10.1016/j.sysarc.2013.05.007,Software_Architecture
2607,A comprehensive reconfigurable computing approach to memory wall problem of large graph computation.,2016,Xu Wang 0010 & Yongxin Zhu 0001 & Linan Huang,journals/jsa/WangZH16,https://doi.org/10.1016/j.sysarc.2016.04.010,Software_Architecture
2613,Hierarchical neural networks based prediction and control of dynamic reconfiguration for multilevel embedded systems.,2013,Akram Eddahech & Sofien Chtourou & Mohamed Chtourou,journals/jsa/EddahechCC13,https://doi.org/10.1016/j.sysarc.2012.11.002,Software_Architecture
2614,Achieving safety and performance with reconfiguration protocol for ethernet TSN in automotive systems.,2021,Adam Kostrzewa & Rolf Ernst,journals/jsa/KostrzewaE21,https://doi.org/10.1016/j.sysarc.2021.102208,Software_Architecture
2617,A novel reconfigurable router for QoS guarantees in real-time NoC-based MPSoCs.,2019,Hung K. Nguyen & Xuan-Tu Tran,journals/jsa/NguyenT19,https://doi.org/10.1016/j.sysarc.2019.101664,Software_Architecture
2618,A reconfigurable point target detection system based on morphological clutter elimination.,2014,Chun-Hsian Huang,journals/jsa/Huang14,https://doi.org/10.1016/j.sysarc.2014.07.003,Software_Architecture
2621,Energy-aware run-time task partition and allocation in dynamic partial reconfigurable systems.,2017,Ta-Wei Liu & Yen-Fang Liu & Ya-Shu Chen,journals/jsa/LiuLC17,https://doi.org/10.1016/j.sysarc.2017.06.006,Software_Architecture
2623,Multi-objective module partitioning design for dynamic and partial reconfigurable system-on-chip using genetic algorithm.,2014,Nithiyanantham Janakiraman & Palanisamy Nirmal Kumar,journals/jsa/JanakiramanK14,https://doi.org/10.1016/j.sysarc.2013.10.001,Software_Architecture
2625,Dynamic objects: Supporting fast and easy run-time reconfiguration in FPGAs.,2013,Julio Dondo & Jesús Barba & Fernando Rincón & Francisco Moya & Juan Carlos López 0001,journals/jsa/DondoBRML13,https://doi.org/10.1016/j.sysarc.2012.09.001,Software_Architecture
2626,Design space exploration for partially reconfigurable architectures in real-time systems.,2013,François Duhem & Fabrice Muller & Willy Aubry & Bertrand Le Gal & Daniel Négru & Philippe Lorenzini,journals/jsa/DuhemMAGNL13,https://doi.org/10.1016/j.sysarc.2013.06.007,Software_Architecture
2627,Random test program generation for verification and validation of the Samsung Reconfigurable Processor.,2019,Bernhard Egger 0002 & Eunjin Song & Hochan Lee & Daeyong Shin,journals/jsa/EggerSLS19,https://doi.org/10.1016/j.sysarc.2019.05.007,Software_Architecture
2629,A novel tool-flow for zero-overhead cross-domain error resilient partially reconfigurable X-TMR for SRAM-based FPGAs.,2017,Luis Andrés Cardona & Anees Ullah & Luca Sterpone & Carles Ferrer 0001,journals/jsa/CardonaUSF17,https://doi.org/10.1016/j.sysarc.2017.10.009,Software_Architecture
2630,Formal approach to agent-based dynamic reconfiguration in Networks-On-Chip.,2013,Sergey Ostroumov & Leonidas Tsiopoulos & Juha Plosila & Kaisa Sere,journals/jsa/OstroumovTPS13,https://doi.org/10.1016/j.sysarc.2013.06.001,Software_Architecture
2636,A resource-efficient network interface supporting low latency reconfiguration of virtual circuits in time-division multiplexing networks-on-chip.,2017,Rasmus Bo Sørensen & Luca Pezzarossa & Martin Schoeberl & Jens Sparsø,journals/jsa/SorensenPSS17,https://doi.org/10.1016/j.sysarc.2017.02.001,Software_Architecture
2638,Run-time timing prediction for system reconfiguration on many-core embedded systems.,2019,Zheng Li 0006 & Shuibing He,journals/jsa/LiH19,https://doi.org/10.1016/j.sysarc.2019.03.004,Software_Architecture
2642,A fault tolerant NoC architecture using quad-spare mesh topology and dynamic reconfiguration.,2013,Yu Ren & Leibo Liu & Shouyi Yin & Jie Han 0001 & Qinghua Wu & Shaojun Wei,journals/jsa/RenLYHWW13,https://doi.org/10.1016/j.sysarc.2013.03.010,Software_Architecture
